RespondentId,StartDate,CompletedDate,LanguageCode,"Q1IconfirmthatIhavereadandu","Q1IunderstandthatIwillbeabl","Q1Iconsenttoparticipateinth","Q1Iunderstandthatmyinformat","Q1Iunderstandthatmyparticip","Q1Iunderstandthepotentialri","Q1Iunderstandthedirect/indi","Q1IunderstandthatIwillbepai","Q1Iagreethatmyanonymisedres","Q1IconfirmthatIunderstandwh","Q1IamawareofwhoIshouldconta","Q1Ivoluntarilyagreetotakepa","Q2FreeText","Q3","Q3OtherOther","Q4","Q4OtherOther","Q5","Q6","Q7","Q8","Q9Row2Col2","Q9Row2Col3","Q9Row3Col2","Q9Row3Col3","Q9Row4Col2","Q9Row4Col3","Q9Row5Col2","Q9Row5Col3","Q9Row6Col2","Q9Row6Col3","Q9Row7Col2","Q9Row7Col3","Q9Row8Col2","Q9Row9Col2","Q9Row10Col2","Q9Row11Col2","Q9Row12Col2","Q10","Q11","Q12","Q13","Q14","Q14OtherOther","Q15","Q16","Q17","Q18","Q19","Q20","Q21","Q22Row2Col2","Q22Row2Col3","Q22Row3Col2","Q22Row3Col3","Q22Row4Col2","Q22Row4Col3","Q22Row5Col2","Q22Row5Col3","Q22Row6Col2","Q22Row6Col3","Q22Row7Col2","Q22Row7Col3","Q22Row8Col2","Q22Row8Col3","Q22Row9Col2","Q22Row9Col3","Q22Row10Col2","Q22Row10Col3","Q22Row11Col2","Q22Row11Col3","Q22Row12Col2","Q22Row12Col3","Q22Row13Col2","Q22Row13Col3","Q22Row14Col2","Q22Row14Col3","Q22Row15Col2","Q22Row15Col3","Q22Row16Col2","Q22Row16Col3","Q22Row17Col2","Q22Row17Col3","Q22Row18Col2","Q22Row18Col3","Q22Row19Col2","Q22Row19Col3","Q22Row20Col2","Q22Row20Col3","Q22Row21Col2","Q22Row21Col3","Q22Row22Col2","Q22Row22Col3","Q22Row23Col2","Q22Row23Col3","Q22Row24Col2","Q22Row24Col3","Q23RatingRow01","Q23RatingRow11","Q23RatingRow21","Q23RatingRow31","Q23RatingRow41","Q24MaincellgroupRow01","Q24Row3Col2","Q24Row3Col3","Q24Row4Col2","Q24Row5Col2","Q24Row5Col3","Q24Row6Col2","Q24Row7Col2","Q24Row7Col3","Q24Row8Col2","Q24Row9Col2","Q24Row9Col3","Q24Row10Col2","Q24Row10Col3","Q24Row11Col2","Q25No.thisneverhappens.","Q25Yes–becauseofnoiseoutside","Q25Yes–becauseofpollutionout","Q25Yes–becauseofweathercondi","Q25Yes–becauseofconcernsabou","Q25Yes–becauseofconcernsabou","Q25Yes–tokeeppetsin","Q25Yes–tokeepanimals/insects","Q25Yes–becauseitisdifficultt","Q25Yes–windowcannotbeopeneda","Q25Other.pleasespecify","Q25Other.pleasespecifyOther","Q26","Q27"
3514854,2021.06.28 13:48:56,2021.06.28 13:50:08,en,1,1,1,1,1,1,1,1,1,1,1,1,"sdfgdf",A semi-detached house,,Own outright,,A large city,5,5,2003 onwards,,0,,0,,0,,0,1,0,,0,,,,,,"Yes, some weekdays. ",Male,40-44,Yes,Working (paid or unpaid): 30 hours a week or more,,Very bad,5,2,7,8,"Yes, in all rooms. ","Yes, in multiple rooms but not all rooms. ",0,0,1,1,0,0,0,0,0,0,0,0,0,0,0,0,0,0,0,0,0,0,0,0,0,0,0,0,0,0,0,0,0,0,0,0,0,0,0,1,0,0,0,0,0,0,3,3,3,3,3,1,1,,0,1,,0,0,,0,0,,0,,0,0,0,0,0,0,1,0,0,0,0,0,,7(Very likely),6
3515287,2021.06.28 20:57:17,2021.06.28 21:04:44,en,1,1,1,1,1,1,1,1,1,1,1,1,"X811",A semi-detached house,,Own with a mortgage / loan,,A small city or town,7,4,1950 to 1975,,1,,0,2,0,,0,,0,,0,2,,,,,"Yes, some weekdays. ",Female,40-44,No,Working (paid or unpaid): less than 30 hours a week,,Good,6,5,5,7,"Yes, in all rooms. ","Yes, in all rooms. ",0,0,1,1,1,1,1,1,1,1,1,1,0,0,0,0,0,0,0,0,0,0,0,1,0,1,0,0,1,1,1,1,1,1,0,0,0,1,0,1,1,1,0,1,0,0,2,2,1,3,2,,0,,1,1,"Husband and children",1,1,"Husband and children",1,0,,1,"Damage to home (eg doors warping)",0,0,1,0,0,1,0,0,0,0,0,0,,2,1(Very unlikely)
3515319,2021.06.28 21:07:34,,en,1,1,1,1,1,1,1,1,1,1,1,1,"Eerf",A semi-detached house,,Own with a mortgage / loan,,A small city or town,7,4,1950 to 1975,,0,,0,,0,,0,,0,,0,2,,,,,"Yes, some weekdays. ",Female,40-44,No,Working (paid or unpaid): less than 30 hours a week,,Good,7,9,9,9,"Yes, in all rooms. ","Yes, in all rooms. ",0,0,0,0,0,0,0,0,0,0,0,0,0,0,0,0,0,0,0,0,0,0,0,0,0,0,0,0,0,0,0,0,0,0,0,0,0,0,0,0,0,0,0,0,0,0,,,,,,,0,,0,0,,0,0,,0,0,,0,,0,,,,,,,,,,,,,,
3515331,2021.06.28 21:24:10,2021.06.28 21:26:45,en,1,1,1,1,1,1,1,1,1,1,1,1,,A purpose-built flat ,,Own with a mortgage / loan,,A suburb near a large city,4,3,2003 onwards,,0,,0,,1,,1,,0,,0,,,,,,"Yes, some weekdays. ",Female,30-34,No,Working (paid or unpaid): 30 hours a week or more,,Fair,8,8,10(Very much),7,No. ,No. ,0,0,0,0,0,0,0,0,0,0,0,0,0,0,0,0,0,0,0,0,0,0,0,0,0,0,0,0,0,0,0,0,0,0,0,0,0,0,0,0,0,0,0,0,0,0,1,1,1,1,1,,0,,0,0,,0,0,,0,0,,0,,0,0,1,1,0,0,0,0,0,0,0,0,,1(Very unlikely),1(Very unlikely)
3515332,2021.06.28 21:34:11,2021.06.28 21:42:45,en,1,1,1,1,1,1,1,1,1,1,1,1,"H6263801",Other ,"A manor",Own outright,,A rural area,15,10,Before 1900,,0,,0,2,1,,0,,0,,0,,,,,,"Yes, all weekdays. ",Prefer not to say,25-29,Don't know,Not working for other reasons,,Good,4,6,4,7,"Yes, in multiple rooms but not all rooms. ","Yes, in all rooms. ",0,0,0,0,1,1,0,0,0,0,1,1,0,0,0,0,0,0,0,0,0,0,1,1,1,1,0,0,1,1,1,1,1,1,1,1,0,0,0,0,0,0,1,1,0,0,3,3,1,2,3,,0,,1,1,,1,1,,1,0,,0,,0,0,1,0,0,0,1,0,1,0,0,0,,3,4
3515471,2021.06.29 7:56:08,2021.06.29 8:03:49,en,1,1,1,1,1,1,1,1,1,1,1,1,"testev ",A detached house / bungalow,,Own outright,,A suburb near a large city,6,3,1950 to 1975,,0,,0,,0,,0,,0,,0,,2,,,,"Yes, all weekdays. ",Male,40-44,Not applicable,Working (paid or unpaid): 30 hours a week or more,,Very good,1,1,1,9,No. ,"Yes, in one room. ",0,0,1,1,1,1,1,1,0,0,0,0,0,0,0,0,0,0,0,0,0,0,0,0,0,1,0,0,0,0,1,1,0,1,0,1,0,0,0,0,0,1,0,0,0,0,2,1,1,1,1,,0,,0,1,"wife",0,0,,0,0,,0,,0,0,0,0,0,1,0,0,0,0,0,0,,1(Very unlikely),1(Very unlikely)
3515990,2021.06.29 12:01:16,,en,1,1,1,1,1,1,1,1,1,1,1,1,"ijiojoihyut ",A purpose-built flat ,,Rent it privately,,A large city,7,4,Don't know,,0,,0,,0,,0,,0,1,0,4,,,,,"Yes, all weekdays. ",Female,25-29,No,Working (paid or unpaid): 30 hours a week or more,,Fair,Prefer not to say,Prefer not to say,Prefer not to say,Prefer not to say,"Yes, in one room. ","Yes, in multiple rooms but not all rooms. ",1,1,1,1,1,1,0,1,0,1,0,1,0,0,0,0,0,0,0,1,0,0,0,1,0,0,0,0,1,1,0,1,0,1,0,1,0,0,0,1,1,1,0,0,0,0,1,1,1,1,1,,0,,0,0,,0,0,,0,0,,0,,0,0,0,0,0,0,0,0,0,1,0,0,,,
3516289,2021.06.29 14:34:25,,en,1,1,1,1,1,1,1,1,1,1,1,1,"p[kjiluhgfhdfjkhkjl",A purpose-built flat ,,Rent it privately,,A suburb near a large city,454,54,1930 to 1949,,0,,0,,0,,0,,0,,0,2,,,,,"Yes, all weekdays. ",Female,25-29,No,Working (paid or unpaid): 30 hours a week or more,,Good,Prefer not to say,Prefer not to say,Prefer not to say,Prefer not to say,"Yes, in multiple rooms but not all rooms. ","Yes, in multiple rooms but not all rooms. ",0,0,0,0,0,0,0,0,0,0,0,0,0,0,0,0,0,0,0,0,0,0,0,0,0,0,0,0,0,0,0,0,0,0,0,0,0,0,0,0,0,0,0,0,0,0,3,3,3,3,3,1,0,,0,0,,0,0,,0,0,,0,,0,0,0,0,0,0,0,0,0,0,1,0,,,
3516482,2021.06.29 16:22:09,,en,1,1,1,1,1,1,1,1,1,1,1,1,"xx",A purpose-built flat ,,Rent it from council (Local authority) or housing association,,A large city,4,2,1900 to 1929,,0,8,0,,0,,0,,0,,0,,,3,,,No. ,Prefer not to say,25-29,Prefer not to say,Not working for other reasons,,Bad,5,4,5,4,No. ,"Yes, in one room. ",0,0,0,0,0,0,0,0,0,0,0,0,0,0,0,0,0,0,0,0,0,0,0,0,0,0,0,0,0,0,0,0,0,0,0,0,0,0,0,0,0,0,0,0,0,0,5,5,5,5,5,,0,,0,0,,0,0,,0,0,,0,,0,0,0,0,0,0,0,0,0,1,0,0,,,
3516758,2021.06.29 21:26:18,2021.06.29 21:34:30,en,1,1,1,1,1,1,1,1,1,1,1,1,"46546secvtfawet",A terraced house (including end terrace),,Own with a mortgage / loan,,A small city or town,8,5,1950 to 1975,,0,,0,1,1,1,1,,0,,0,,,,,,"Yes, all weekdays. ",Female,35-39,No,Working (paid or unpaid): 30 hours a week or more,,Very good,7,7,7,8,"Yes, in multiple rooms but not all rooms. ","Yes, in multiple rooms but not all rooms. ",1,1,1,1,1,1,1,1,1,1,1,1,0,0,0,0,0,0,0,0,0,0,0,0,0,1,0,0,1,1,1,1,1,1,0,1,0,0,0,0,0,0,0,0,0,0,1,1,1,1,1,,0,,0,0,,0,0,,0,0,,0,,0,1,0,0,0,0,0,0,0,0,0,0,,2,1(Very unlikely)
3517307,2021.06.30 14:19:48,,en,1,1,1,1,1,1,1,1,1,1,1,1,"Bc5565",,,,,,,,,,0,,0,,0,,0,,0,,0,,,,,,,,,,,,,,,,,,,0,0,0,0,0,0,0,0,0,0,0,0,0,0,0,0,0,0,0,0,0,0,0,0,0,0,0,0,0,0,0,0,0,0,0,0,0,0,0,0,0,0,0,0,0,0,,,,,,,0,,0,0,,0,0,,0,0,,0,,0,,,,,,,,,,,,,,
3517311,2021.06.30 14:22:54,,en,1,1,1,1,1,1,1,1,1,1,1,1,"Fc5565",A terraced house (including end terrace),,Own with a mortgage / loan,,A small city or town,6,4,1900 to 1929,1,1,,0,1,1,,0,,0,,0,,,,,,"Yes, all weekdays. ",Female,35-39,No,On maternity / paternity / shared parental leave,,Good,5,5,7,9,"Yes, in one room. ","Yes, in one room. ",1,1,1,1,0,0,0,0,1,1,1,1,0,0,0,0,0,0,0,0,0,0,0,0,1,1,0,0,1,1,1,1,1,1,1,1,1,1,0,0,0,0,0,0,0,0,2,1,1,2,1,,0,,0,0,,0,0,,0,0,,0,,0,,,,,,,,,,,,,,